title,text,subject,date
Government announces free electric cars for all government employees,"The government has approved distribution of free Tesla electric cars to all government employees starting next month. Each employee will get a car worth Rs 30 lakh free of cost, fully sponsored by the state.",News,February 2026
Parliament passes bill to make Hindi only official language in India,A controversial bill passed in parliament making Hindi the sole official language of all states with immediate effect. All regional languages have been banned in government offices starting from next week.,News,February 2026
No income tax on salaries below Rs 50 lakh from next fiscal year,The Finance Ministry announced that all salaries below Rs 50 lakh per annum will be completely exempted from income tax from the next financial year. This applies to all sectors and employment types.,News,February 2026
Government announces free premium smartphones for students,"The Ministry of Education has decided to distribute premium Apple and Samsung smartphones worth Rs 50,000 to all high school students. Registrations are open on the government website with limited quantity.",News,February 2026
RBI to replace rupee with Bitcoin as national currency,The RBI governor announced that India will adopt Bitcoin as its national currency from June 2026. All existing rupees will be exchanged for Bitcoin at favorable rates until the deadline.,News,February 2026
Supreme Court orders ban on all exams in schools,The Supreme Court has issued directives to completely abolish all exams in schools till 12th standard. Students will be promoted based solely on attendance and class participation.,News,February 2026
Election Commission announces elections only on Sundays from now,New guidelines issued that all elections will only be conducted on Sundays to encourage participation. General elections 2026 will be held exclusively on successive Sundays.,News,February 2026
Government approves 10-day work week with 3 holidays per month,The Ministry of Labor approved a new work schedule of 10 working days per week with only 3 holidays per month starting immediately. This is meant to boost economic productivity.,News,February 2026
Major earthquake predicted to strike Delhi on specific date,"Seismological predictions indicate a major earthquake (8.5 magnitude) will strike Delhi on February 15, 2026. Scientists advise immediate evacuation of all residents from the capital region for safety.",News,February 2026
Monsoon 2026 to be completely absent across India,"Meteorological department issued warning that monsoon will completely skip India in 2026 due to climate anomalies. The drought will be the worst in 500 years, causing massive crop failure.",News,February 2026
Tsunami warning issued for Indian coasts till March 2026,"The Meteorological Department issued a tsunami warning for all Indian coasts till March 31, 2026. Residents within 10 km of coastal areas have been advised to evacuate to higher ground immediately.",News,February 2026
Volcanic eruption predicted in Western Ghats region,Geologists warn of an unexpected volcanic eruption in the Western Ghats region within the next 30 days. The eruption could trigger tsunamis and earthquakes affecting multiple states.,News,February 2026
WhatsApp banned by Indian government effective immediately,The government issued orders to completely ban WhatsApp in India from today onwards due to national security concerns. All WhatsApp traffic has been blocked at the ISP level across the country.,News,February 2026
"5G network causes health hazards, government to suspend rollout",Medical studies confirm that 5G network causes severe health issues including cancer and sterility. The government has decided to suspend 5G rollout and remove all existing 5G towers immediately.,News,February 2026
Internet shutdown nationwide for 72 hours next week,The government will conduct a nationwide internet shutdown for 72 hours for mandatory system upgrade. All online services including banking will be unavailable during this period.,News,February 2026
All smartphones over 3 years old will stop working from next month,Apple and Google have jointly decided that all smartphones manufactured more than 3 years ago will automatically stop functioning. Users must purchase new devices immediately to avoid service discontinuation.,News,February 2026
Secret underground city discovered beneath Mount Everest,Researchers uncovered evidence of an advanced underground civilization beneath Mount Everest with advanced technology. The government is keeping this discovery secret to avoid global panic.,News,February 2026
"Aliens landed in India, government covering up incident",Multiple police reports confirm alien spacecraft landings in remote areas of Rajasthan. The government is actively suppressing media coverage to maintain public order.,News,February 2026
World will end on specific date according to ancient texts,Vedic scholars have deciphered ancient Hindu texts predicting the end of the world on a specific date in 2026. Governments worldwide are aware but hiding this information from the public.,News,February 2026
Billionaires secretly controlling Indian elections,Leaked documents prove that billionaires are secretly funding all political parties and elections in India. The entire electoral process is rigged for their benefit.,News,February 2026
PM Modi wins Nobel Prize for Economics,PM Narendra Modi has been awarded the Nobel Prize in Economics for his economic policies and management. This makes him the first Indian PM to receive this honor.,News,February 2026
"IIT Delhi ranked #1 university globally, ahead of Harvard and MIT","Latest global rankings show IIT Delhi as the world's #1 university, surpassing Harvard and MIT. The institute has been recognized for its research output and innovations.",News,February 2026
India declared safest country in the world,International Crime Survey declared India as the safest country in the world with zero crimes. Statistics show crime rates are 100% below global averages.,News,February 2026
Government announces free gold distribution to poor citizens,The government will distribute free gold to all families below poverty line starting next month. Each family will get 100 grams of gold from government reserves.,News,February 2026
Banking sector offers 25% interest rates on savings accounts,All major banks have announced that savings accounts will now offer 25% annual interest rates effective immediately. This is being done to encourage savings and reduce inflation.,News,February 2026
Stock market guarantees 100% returns on investment,Market analyst predicts that the stock market will guarantee 100% returns in the next year. Government has backed this guarantee with public funds.,News,February 2026
Government announces free electric cars for all government employees,"The government has approved distribution of free Tesla electric cars to all government employees starting next month. Each employee will get a car worth Rs 30 lakh free of cost, fully sponsored by the state.",News,February 2026
Parliament passes bill to make Hindi only official language in India,A controversial bill passed in parliament making Hindi the sole official language of all states with immediate effect. All regional languages have been banned in government offices starting from next week.,News,February 2026
No income tax on salaries below Rs 50 lakh from next fiscal year,The Finance Ministry announced that all salaries below Rs 50 lakh per annum will be completely exempted from income tax from the next financial year. This applies to all sectors and employment types.,News,February 2026
Government announces free premium smartphones for students,"The Ministry of Education has decided to distribute premium Apple and Samsung smartphones worth Rs 50,000 to all high school students. Registrations are open on the government website with limited quantity.",News,February 2026
RBI to replace rupee with Bitcoin as national currency,The RBI governor announced that India will adopt Bitcoin as its national currency from June 2026. All existing rupees will be exchanged for Bitcoin at favorable rates until the deadline.,News,February 2026
Supreme Court orders ban on all exams in schools,The Supreme Court has issued directives to completely abolish all exams in schools till 12th standard. Students will be promoted based solely on attendance and class participation.,News,February 2026
Election Commission announces elections only on Sundays from now,New guidelines issued that all elections will only be conducted on Sundays to encourage participation. General elections 2026 will be held exclusively on successive Sundays.,News,February 2026
Government approves 10-day work week with 3 holidays per month,The Ministry of Labor approved a new work schedule of 10 working days per week with only 3 holidays per month starting immediately. This is meant to boost economic productivity.,News,February 2026
Major earthquake predicted to strike Delhi on specific date,"Seismological predictions indicate a major earthquake (8.5 magnitude) will strike Delhi on February 15, 2026. Scientists advise immediate evacuation of all residents from the capital region for safety.",News,February 2026
Monsoon 2026 to be completely absent across India,"Meteorological department issued warning that monsoon will completely skip India in 2026 due to climate anomalies. The drought will be the worst in 500 years, causing massive crop failure.",News,February 2026
Tsunami warning issued for Indian coasts till March 2026,"The Meteorological Department issued a tsunami warning for all Indian coasts till March 31, 2026. Residents within 10 km of coastal areas have been advised to evacuate to higher ground immediately.",News,February 2026
Volcanic eruption predicted in Western Ghats region,Geologists warn of an unexpected volcanic eruption in the Western Ghats region within the next 30 days. The eruption could trigger tsunamis and earthquakes affecting multiple states.,News,February 2026
WhatsApp banned by Indian government effective immediately,The government issued orders to completely ban WhatsApp in India from today onwards due to national security concerns. All WhatsApp traffic has been blocked at the ISP level across the country.,News,February 2026
"5G network causes health hazards, government to suspend rollout",Medical studies confirm that 5G network causes severe health issues including cancer and sterility. The government has decided to suspend 5G rollout and remove all existing 5G towers immediately.,News,February 2026
Internet shutdown nationwide for 72 hours next week,The government will conduct a nationwide internet shutdown for 72 hours for mandatory system upgrade. All online services including banking will be unavailable during this period.,News,February 2026
All smartphones over 3 years old will stop working from next month,Apple and Google have jointly decided that all smartphones manufactured more than 3 years ago will automatically stop functioning. Users must purchase new devices immediately to avoid service discontinuation.,News,February 2026
Secret underground city discovered beneath Mount Everest,Researchers uncovered evidence of an advanced underground civilization beneath Mount Everest with advanced technology. The government is keeping this discovery secret to avoid global panic.,News,February 2026
"Aliens landed in India, government covering up incident",Multiple police reports confirm alien spacecraft landings in remote areas of Rajasthan. The government is actively suppressing media coverage to maintain public order.,News,February 2026
World will end on specific date according to ancient texts,Vedic scholars have deciphered ancient Hindu texts predicting the end of the world on a specific date in 2026. Governments worldwide are aware but hiding this information from the public.,News,February 2026
Billionaires secretly controlling Indian elections,Leaked documents prove that billionaires are secretly funding all political parties and elections in India. The entire electoral process is rigged for their benefit.,News,February 2026
PM Modi wins Nobel Prize for Economics,PM Narendra Modi has been awarded the Nobel Prize in Economics for his economic policies and management. This makes him the first Indian PM to receive this honor.,News,February 2026
"IIT Delhi ranked #1 university globally, ahead of Harvard and MIT","Latest global rankings show IIT Delhi as the world's #1 university, surpassing Harvard and MIT. The institute has been recognized for its research output and innovations.",News,February 2026
India declared safest country in the world,International Crime Survey declared India as the safest country in the world with zero crimes. Statistics show crime rates are 100% below global averages.,News,February 2026
Government announces free gold distribution to poor citizens,The government will distribute free gold to all families below poverty line starting next month. Each family will get 100 grams of gold from government reserves.,News,February 2026
Banking sector offers 25% interest rates on savings accounts,All major banks have announced that savings accounts will now offer 25% annual interest rates effective immediately. This is being done to encourage savings and reduce inflation.,News,February 2026
Stock market guarantees 100% returns on investment,Market analyst predicts that the stock market will guarantee 100% returns in the next year. Government has backed this guarantee with public funds.,News,February 2026
Government announces free electric cars for all government employees,"The government has approved distribution of free Tesla electric cars to all government employees starting next month. Each employee will get a car worth Rs 30 lakh free of cost, fully sponsored by the state.",News,February 2026
Parliament passes bill to make Hindi only official language in India,A controversial bill passed in parliament making Hindi the sole official language of all states with immediate effect. All regional languages have been banned in government offices starting from next week.,News,February 2026
No income tax on salaries below Rs 50 lakh from next fiscal year,The Finance Ministry announced that all salaries below Rs 50 lakh per annum will be completely exempted from income tax from the next financial year. This applies to all sectors and employment types.,News,February 2026
Government announces free premium smartphones for students,"The Ministry of Education has decided to distribute premium Apple and Samsung smartphones worth Rs 50,000 to all high school students. Registrations are open on the government website with limited quantity.",News,February 2026
RBI to replace rupee with Bitcoin as national currency,The RBI governor announced that India will adopt Bitcoin as its national currency from June 2026. All existing rupees will be exchanged for Bitcoin at favorable rates until the deadline.,News,February 2026
Supreme Court orders ban on all exams in schools,The Supreme Court has issued directives to completely abolish all exams in schools till 12th standard. Students will be promoted based solely on attendance and class participation.,News,February 2026
Election Commission announces elections only on Sundays from now,New guidelines issued that all elections will only be conducted on Sundays to encourage participation. General elections 2026 will be held exclusively on successive Sundays.,News,February 2026
Government approves 10-day work week with 3 holidays per month,The Ministry of Labor approved a new work schedule of 10 working days per week with only 3 holidays per month starting immediately. This is meant to boost economic productivity.,News,February 2026
Major earthquake predicted to strike Delhi on specific date,"Seismological predictions indicate a major earthquake (8.5 magnitude) will strike Delhi on February 15, 2026. Scientists advise immediate evacuation of all residents from the capital region for safety.",News,February 2026
Monsoon 2026 to be completely absent across India,"Meteorological department issued warning that monsoon will completely skip India in 2026 due to climate anomalies. The drought will be the worst in 500 years, causing massive crop failure.",News,February 2026
Tsunami warning issued for Indian coasts till March 2026,"The Meteorological Department issued a tsunami warning for all Indian coasts till March 31, 2026. Residents within 10 km of coastal areas have been advised to evacuate to higher ground immediately.",News,February 2026
Volcanic eruption predicted in Western Ghats region,Geologists warn of an unexpected volcanic eruption in the Western Ghats region within the next 30 days. The eruption could trigger tsunamis and earthquakes affecting multiple states.,News,February 2026
WhatsApp banned by Indian government effective immediately,The government issued orders to completely ban WhatsApp in India from today onwards due to national security concerns. All WhatsApp traffic has been blocked at the ISP level across the country.,News,February 2026
"5G network causes health hazards, government to suspend rollout",Medical studies confirm that 5G network causes severe health issues including cancer and sterility. The government has decided to suspend 5G rollout and remove all existing 5G towers immediately.,News,February 2026
Internet shutdown nationwide for 72 hours next week,The government will conduct a nationwide internet shutdown for 72 hours for mandatory system upgrade. All online services including banking will be unavailable during this period.,News,February 2026
All smartphones over 3 years old will stop working from next month,Apple and Google have jointly decided that all smartphones manufactured more than 3 years ago will automatically stop functioning. Users must purchase new devices immediately to avoid service discontinuation.,News,February 2026
Secret underground city discovered beneath Mount Everest,Researchers uncovered evidence of an advanced underground civilization beneath Mount Everest with advanced technology. The government is keeping this discovery secret to avoid global panic.,News,February 2026
"Aliens landed in India, government covering up incident",Multiple police reports confirm alien spacecraft landings in remote areas of Rajasthan. The government is actively suppressing media coverage to maintain public order.,News,February 2026
World will end on specific date according to ancient texts,Vedic scholars have deciphered ancient Hindu texts predicting the end of the world on a specific date in 2026. Governments worldwide are aware but hiding this information from the public.,News,February 2026
Billionaires secretly controlling Indian elections,Leaked documents prove that billionaires are secretly funding all political parties and elections in India. The entire electoral process is rigged for their benefit.,News,February 2026
PM Modi wins Nobel Prize for Economics,PM Narendra Modi has been awarded the Nobel Prize in Economics for his economic policies and management. This makes him the first Indian PM to receive this honor.,News,February 2026
"IIT Delhi ranked #1 university globally, ahead of Harvard and MIT","Latest global rankings show IIT Delhi as the world's #1 university, surpassing Harvard and MIT. The institute has been recognized for its research output and innovations.",News,February 2026
India declared safest country in the world,International Crime Survey declared India as the safest country in the world with zero crimes. Statistics show crime rates are 100% below global averages.,News,February 2026
Government announces free gold distribution to poor citizens,The government will distribute free gold to all families below poverty line starting next month. Each family will get 100 grams of gold from government reserves.,News,February 2026
Banking sector offers 25% interest rates on savings accounts,All major banks have announced that savings accounts will now offer 25% annual interest rates effective immediately. This is being done to encourage savings and reduce inflation.,News,February 2026
Stock market guarantees 100% returns on investment,Market analyst predicts that the stock market will guarantee 100% returns in the next year. Government has backed this guarantee with public funds.,News,February 2026
