text,label
'Bangladesh 1st': Tarique Rahman's Reply To Query On Ties With India - NDTV,FAKE
'Hindu extremism and ... ': Big remark on India ties by adviser of BNP chairman Tarique Rahman after Bang - Times of India,FAKE
Bangladesh election: Can India reset ties with a BNP-led government - BBC,FAKE
"India tested, from U.S. sanctions to one-sided trade deal - The Hindu",REAL
"Over 1 crore traffic violations a year in Kerala, second in India: MoRTH data - Times of India",FAKE
How Modi’s policies and India’s monopolists are weakening labour power – and democracy - Scroll.in,FAKE
India Loses Visa-Free Entry To Two Countries In 2026 Despite 10-Place Passport Ranking Jump - NDTV,FAKE
Pressure is privilege as India meet Pakistan in T20WC - ICC,FAKE
"T20 World Cup: India, Pakistan, Nepal and more; full match schedule for February 15 - Times of India",FAKE
India’s Suryakumar shrugs off rain threat to Pakistan T20 World Cup game - Al Jazeera,FAKE
USA v Namibia | Feel The Thrill | T20WC 2026 - ICC,FAKE
"Pramod Bhagat clinches SL3 gold, wins record sixth world title - The Hindu",FAKE
India vs Pakistan is finally here. Over to cricket now - ESPNcricinfo,FAKE
'England have no chance at T20 World Cup if they do not improve' - BBC,FAKE
Watch: Snake Found In Pakistan's Dugout Ahead Of T20 World Cup Match vs India - NDTV Sports,FAKE
Updates: World leaders gather in Munich for 2nd day of security conference - Al Jazeera,FAKE
"Building in India, exporting to world, assert business honchos - Times of India",FAKE
Liberals should mourn the passing world - Financial Times,FAKE
England beat Scotland by five wickets: T20 World Cup cricket – as it happened - The Guardian,FAKE
T20 World Cup: South Africa ease to victory over New Zealand in Ahmedabad to close in on Super 8 spot - Sky Sports,FAKE
"It is a matter of immense pride that the Northeast gets an Emergency Landing Facility. From a strategic point of view and during times of natural disasters, this facility is of great importance. - x.com",FAKE
Video: PM Modi Lands Aboard C-130J Aircraft On Assam Highway - NDTV,FAKE
Bangladesh polls: Tarique Rahman's BNP plans to invite PM Modi to its swearing-in ceremony - Times of India,FAKE
"Modi flags off 50 AC e-buses for Nagpur, 100 more in pipeline - Times of India",FAKE
PM Modi Receives Invite For Tarique Rahman's Oath Ceremony On February 17 - NDTV,FAKE
"A look at PM Shri Narendra Modi's public programmes scheduled on February 14th 2026, in Assam. - Bharatiya Janata Party",FAKE
PM Modi inaugurates new Prime Minsters Office at Seva Teerth complex - The Hindu,FAKE
"Prime Minister Narendra Modi Assam outreach: Brahmaputra bridge inaugurated, projects worth Rs 5,400 crore launched - India Today - India Today",FAKE
PM Narendra Modi congratulates Tarique Rahman on BNP’s decisive win in Bangladesh Polls - ddnews.gov.in,FAKE
‘India must be free of colonial mindset’: PM Narendra Modi on new PMO inauguration | India News - Hindustan Times,FAKE
PM Modi may be invited to Tarique Rahman's swearing-in as Dhaka eyes reset - India Today,FAKE
Congress ignored Northeast and put the country at risk: PM Modi at Guwahati rally - The Hindu,FAKE
Vice President C P Radhakrishnan & PM Modi pay homage to 2019 Pulwama terror attack martyrs - News On AIR,FAKE
"PM Modi inaugurates Brahmaputra bridge, emergency landing facility during Assam visit - Telegraph India",FAKE
"PM Modi Manipur: Cong books ticket, airline says self-cancelled, sparks row - Deccan Herald",FAKE
"Ram Madhav writes: Rahul Gandhi’s attacks on PM Modi, India-US deal only diminish the Leader of Opposition - The Indian Express",FAKE
"‘Etched in our consciousness’: How PM Modi, Rahul Gandhi paid homage to 2019 Pulwama attack bravehearts | India News - Hindustan Times",FAKE
PM Modi to visit Assam on February 14 - News On AIR,FAKE
PM Modi flags off 50 electric buses for Gujarat’s Bhavnagar under PM e-Bus Sewa Scheme - ddnews.gov.in,FAKE
"PM Modi inaugurates ₹3,030 crore bridge on Brahmaputra - The Hindu",FAKE
How India Plans To Rebuild Bangladesh Ties After BNP's Landslide Victory - NDTV,FAKE
"India's ""Will Take Appropriate Action"" Response To Trump Remarks On PM Modi - NDTV",FAKE
2 journalist bodies condemn Rahul Gandhi talk on media impartiality - Times of India,FAKE
ICC Men’s T-20 Cricket World Cup 2026: India to take on arch-rivals Pakistan today - News On AIR,FAKE
No annual Rera reports in 75% of states: Forum - Times of India,FAKE
"School assembly news headlines, February 14: Top India, world, sports, business news - India Today",FAKE
"Top News Headlines of February 11, 2026 | Bangladesh Elections 2026: Vote timings, key parties, candidates, results; What to know before polling - The Indian Express",FAKE
India Set to Order 114 Rafale Fighters and Six P-8I Patrol Aircraft - navalnews.com,FAKE
How is U.S.-India trade deal being tweaked? | Explained - The Hindu,REAL
Belgium Beat India 4-2 in Rourkela Leg Rematch of FIH Men's Pro League 2025-26 - Hockey India,FAKE
Why a BJP win in Bangladesh is raising eyebrows across the border - India Today,FAKE
BJP 'Singham' whose roar has faded: What went wrong for Annamalai in Tamil Nadu? - The New Indian Express,FAKE
BJP emerges as single largest party in Karimnagar and Nizamabad municipal corporations - The Hindu,FAKE
"'BJP' Makes Its Mark In Bangladesh Elections, Wins 1 Seat - NDTV",FAKE
AIADMK Has Become Branch Office Of BJP: CM - Deccan Chronicle,FAKE
"'Uncivilised': DMK MPs slam TN BJP chief Nagendran for remarks on TVK chief Vijay, actor Trisha - Times of India",FAKE
"At 7, Lok Kalyan Marg, hosted Kerala BJP Panchayat members, Municipality members and members of corporations from across Kerala, including the Thiruvananthapuram Corporation, where the BJP was blessed with a historic mandate. Discussed a wide ra - x.com",FAKE
BJP received more than 82% of funds disbursed by electoral trusts in 2024-’25: Report - Scroll.in,FAKE
"Congress gave Assam problems, BJP providing solutions: Prime Minister Modi | India News - Hindustan Times",FAKE
Kumaraswamy Clears JD(S)-BJP Alliance Doubts: No CM Face for 2028 Yet - Deccan Herald,FAKE
Telangana municipal polls: Fourth consecutive win for Congress in State since 2023 - The Hindu,FAKE
Congress books PM's flight ticket from Assam to Manipur. Here's why - India Today,FAKE
"Congress Leader Compares Chhatrapati Shivaji, Tipu Sultan, Slammed By BJP - NDTV",FAKE
'Power-sharing is essential': Congress presses DMK again after Stalin's red line in Tamil Nadu - Times of India,FAKE
Karnataka Youth Congress act as ‘soldiers of love’ on Valentine’s Day - The News Minute,FAKE
Guwahati Court Restrains Congress Leaders From Making Defamatory Statements Against Assam CM Himanta... - Live Law,REAL
'Shriman Adani’s Initiative': Congress claims favouritism after group’s nuclear entry - Telegraph India,FAKE
"J&K Police Halt Congress March to Lok Bhawan in Jammu, Detain Leaders - Deccan Chronicle",FAKE
Municipal Elections Show Congress Retains its Hold Over Telangana Politics - TheWire.in,FAKE
Vijay TVK: Actor says ‘political bomb’ jolts DMK-Congress tie-up - Deccan Herald,FAKE
